site,title,price_cop,year,km,location,url
autogermana,MINI Cooper E,111000000,2024,11815,Medellín,https://usadosautogermana.vtexcommercestable.com.br/mini-cooper-e-nkz849/p
autogermana,BMW IX2 xDrive30,204900000,2025,12220,Bogotá,https://usadosautogermana.vtexcommercestable.com.br/bmw-ix2-xdrive30-nks133/p
autogermana,BMW I4 eDrive40,221000000,2025,7989,Bogotá,https://usadosautogermana.vtexcommercestable.com.br/bmw-i4-edrive40-pdw868/p
autogermana,BMW IX xDrive40,211000000,2023,26499,Bogotá,https://usadosautogermana.vtexcommercestable.com.br/bmw-ix-xdrive40-lom632/p
autogermana,BMW IX1 eDrive20,208000000,2026,10739,Bogotá,https://usadosautogermana.vtexcommercestable.com.br/bmw-ix1-edrive20-pyn240/p
autogermana,MINI Aceman E,126000000,2025,17730,Medellín,https://usadosautogermana.vtexcommercestable.com.br/mini-aceman-e-pqv360/p
autogermana,MINI Cooper SE,147900000,2026,29,Pereira,https://usadosautogermana.vtexcommercestable.com.br/mini-cooper-se-nxp036/p
autogermana,MINI Cooper SE,85000000,2022,46992,Medellín,https://usadosautogermana.vtexcommercestable.com.br/mini-cooper-se-kur113/p
autogermana,BMW I3,72900000,2020,73500,Medellín,https://usadosautogermana.vtexcommercestable.com.br/bmw-i3-grn978/p
autogermana,BMW IX3 M Sport,211000000,2024,20162,Bogotá,https://usadosautogermana.vtexcommercestable.com.br/bmw-ix3-m-sport-niy806/p
autogermana,BMW IX3 M Sport,211000000,2024,12539,Bogotá,https://usadosautogermana.vtexcommercestable.com.br/bmw-ix3-m-sport-njn469/p
autogermana,BMW IX3 M Sport,171000000,2023,26000,Medellín,https://usadosautogermana.vtexcommercestable.com.br/bmw-ix3-m-sport-lrv341/p
autogermana,BMW IX3 M Sport,199000000,2024,23041,Bogotá,https://usadosautogermana.vtexcommercestable.com.br/bmw-nju220/p
autogermana,BMW I3S,91000000,2020,13582,Bogotá,https://usadosautogermana.vtexcommercestable.com.br/bmw-fzu977/p
autogermana,BYD TANG EV,207000000,2025,32690,Pereira,https://usadosautogermana.vtexcommercestable.com.br/byd-lpw222/p
autogermana,BMW I3S,86000000,2020,56272,Bogotá,https://usadosautogermana.vtexcommercestable.com.br/bmw-i3s-gpo036/p
autogermana,VOLVO EX30,131990000,2025,15000,Medellín,https://usadosautogermana.vtexcommercestable.com.br/volvo-nkx507/p
autogermana,MINI Cooper S Countryman,111000000,2022,22395,Bogotá,https://usadosautogermana.vtexcommercestable.com.br/mini-jwr313/p
autogermana,MINI Countryman SE ALL4,194900000,2025,6481,Bogotá,https://usadosautogermana.vtexcommercestable.com.br/mini-phq771/p
autogermana,MINI Cooper SE,96900000,2024,23456,Bogotá,https://usadosautogermana.vtexcommercestable.com.br/mini-niq892/p
autogermana,BMW IX1 xDrive30,219000000,2026,4300,Bogotá,https://usadosautogermana.vtexcommercestable.com.br/bmw-pxt042/p
autogermana,MINI Countryman E,159900000,2025,31541,Bogotá,https://usadosautogermana.vtexcommercestable.com.br/mini-pdr360/p
autogermana,MINI John Cooper Works E,165900000,2026,3700,Bogotá,https://usadosautogermana.vtexcommercestable.com.br/mini-john-cooper-works-e-pyy911/p
autogermana,MINI Cooper SE,96900000,2024,21918,Pereira,https://usadosautogermana.vtexcommercestable.com.br/mini-krq693/p
autogermana,BMW IX3 M Sport,199900000,2024,22681,Bucaramanga,https://usadosautogermana.vtexcommercestable.com.br/bmw-lgz273/p
autogermana,MINI Cooper SE,96900000,2024,21030,Bogotá,https://usadosautogermana.vtexcommercestable.com.br/mini-loz408/p
autogermana,BMW IX xDrive40,254900000,2024,18778,Medellín,https://usadosautogermana.vtexcommercestable.com.br/bmw-ix-xdrive40-lxn043/p
autogermana,MINI Cooper SE,147900000,2026,1445,Bogotá,https://usadosautogermana.vtexcommercestable.com.br/mini-cooper-se-pyn236/p
autogermana,BMW IX3 M Sport,199900000,2024,16668,Bogotá,https://usadosautogermana.vtexcommercestable.com.br/bmw-ix3-m-sport-njr969/p
autogermana,BMW IX xDrive40,269900000,2025,34573,Bogotá,https://usadosautogermana.vtexcommercestable.com.br/bmw-ix-xdrive40-pbs221/p
autogermana,MINI Cooper SE,96900000,2024,28600,Bogotá,https://usadosautogermana.vtexcommercestable.com.br/mini-cooper-se-njs023/p
autogermana,BMW IX xDrive40,269900000,2025,20150,Bogotá,https://usadosautogermana.vtexcommercestable.com.br/bmw-ix-xdrive40-njz022/p
autogermana,MINI Cooper SE,89900000,2023,72000,Medellín,https://usadosautogermana.vtexcommercestable.com.br/mini-lkr724/p
autogermana,BMW IX3 M Sport,231000000,2024,8410,Medellín,https://usadosautogermana.vtexcommercestable.com.br/bmw-njt851/p
autogermana,MINI Countryman E,160900000,2025,6650,Bogotá,https://usadosautogermana.vtexcommercestable.com.br/mini-pco750/p
autogermana,MINI Cooper SE,94900000,2024,15202,Pereira,https://usadosautogermana.vtexcommercestable.com.br/mini-niq570/p
autogermana,BMW IX3 M Sport,221000000,2024,9567,Bogotá,https://usadosautogermana.vtexcommercestable.com.br/bmw-nju225/p
autogermana,BMW I5 eDrive40,238000000,2025,6159,Bogotá,https://usadosautogermana.vtexcommercestable.com.br/bmw-njx902/p
autogermana,BMW IX xDrive40,269900000,2025,14591,Bogotá,https://usadosautogermana.vtexcommercestable.com.br/bmw-pcm119/p
autogermana,BMW IX3 M Sport,221000000,2024,6162,Bogotá,https://usadosautogermana.vtexcommercestable.com.br/bmw-nju201/p
autogermana,BMW IX3 M Sport,226000000,2024,22726,Bogotá,https://usadosautogermana.vtexcommercestable.com.br/bmw-ix3-m-sport-1/p
autogermana,BMW IX xDrive40,209900000,2022,28997,Bogotá,https://usadosautogermana.vtexcommercestable.com.br/bmw-kxs469/p
autogermana,BMW IX3 M Sport,221000000,2024,14622,Bogotá,https://usadosautogermana.vtexcommercestable.com.br/bmw-njv875/p
autogermana,BMW IX3 M Sport,221000000,2024,11570,Bogotá,https://usadosautogermana.vtexcommercestable.com.br/bmw-njx437/p
autogermana,BMW IX xDrive50,281000000,2025,4988,Bogotá,https://usadosautogermana.vtexcommercestable.com.br/bmw-njt836/p
autogermana,BMW I5 eDrive40,245900000,2025,1979,Medellín,https://usadosautogermana.vtexcommercestable.com.br/bmw-njx889/p
autogermana,BMW IX xDrive40,291000000,2023,13078,Bogotá,https://usadosautogermana.vtexcommercestable.com.br/bmw-niq588/p
autogermana,BMW I3S,99900000,2022,46315,Bogotá,https://usadosautogermana.vtexcommercestable.com.br/bmw-jwy505/p
autogermana,BMW IX3 M Sport,211000000,2024,12273,Bogotá,https://usadosautogermana.vtexcommercestable.com.br/bmw-njx920/p
autogermana,BMW IX3 M Sport,176000000,2023,14031,Bogotá,https://usadosautogermana.vtexcommercestable.com.br/bmw-lmr733/p
autogermana,MINI Countryman SE ALL4,174900000,2025,4156,Bogotá,https://usadosautogermana.vtexcommercestable.com.br/mini-pbv214/p
autogermana,BMW I3,68900000,2019,55974,Bogotá,https://usadosautogermana.vtexcommercestable.com.br/bmw-fnt225/p
autogermana,BMW IX xDrive40,240000000,2023,37500,Bogotá,https://usadosautogermana.vtexcommercestable.com.br/bmw-lmq104/p
autogermana,BMW I3,74900000,2020,47499,Bogotá,https://usadosautogermana.vtexcommercestable.com.br/bmw-gkx469/p
autogermana,BMW IX1 eDrive20,174000000,2024,9299,Bogotá,https://usadosautogermana.vtexcommercestable.com.br/bmwnjr991/p
autogermana,BMW IX xDrive40,250000000,2024,12102,Bogotá,https://usadosautogermana.vtexcommercestable.com.br/bmw-lxl612/p
autogermana,BMW IX xDrive40,229900000,2023,16421,Bogotá,https://usadosautogermana.vtexcommercestable.com.br/bmw-lks530/p
autogermana,MINI Cooper SE,96900000,2024,12220,Ibagué,https://usadosautogermana.vtexcommercestable.com.br/mininio406/p
