title,price_cop,year,km,location,region,url
BYD Yuan Up 2026 0.0 Ev Fwd,100000000,2026,7040,Carvajal - Kennedy,bogota-dc,https://articulo.tucarro.com.co/MCO-4475191590-byd-yuan-up-_JM
Kia Ev2 2027 Air,89990000,2027,0,El Toberín - Usaquén,bogota-dc,https://articulo.tucarro.com.co/MCO-4139153946-kia-ev2-air-bono-matricula-entrega-inmediata-_JM
Chevrolet Spark 2026 Ev.,83990000,2026,0,San José De Bavaria - Suba,bogota-dc,https://articulo.tucarro.com.co/MCO-3942874704-chevrolet-spark-ev-at-_JM
Chevrolet Spark 2026 Euv,85990000,2026,0,San José De Bavaria - Suba,bogota-dc,https://articulo.tucarro.com.co/MCO-1911505409-chevrolet-spark-electrico-2026-_JM
Chery E5 2027 0.0 Luxury,89990000,2027,0,La Felicidad - Fontibón,bogota-dc,https://articulo.tucarro.com.co/MCO-2220089645-chery-e5-luxury-ev-2027-_JM
Chevrolet Spark 2026 Uv,81200000,2026,0,Morato - Suba,bogota-dc,https://articulo.tucarro.com.co/MCO-4098798738-chevrolet-spark-euv-_JM
Chevrolet Spark 2026 Euv,80990000,2026,0,Primavera - Puente Aranda,bogota-dc,https://articulo.tucarro.com.co/MCO-2215486233-chevrolet-spark-euv-_JM
GWM Ora 05 2027 Top,94900000,2027,0,La Felicidad - Fontibón,bogota-dc,https://articulo.tucarro.com.co/MCO-2064182337-ora-05-top-ev-4x2-_JM
GWM Ora 05 2027 Top,94900000,2027,0,La Felicidad - Fontibón,bogota-dc,https://articulo.tucarro.com.co/MCO-2080225725-ora-top-05-_JM
Kia Ev2 2027 Air,89990000,2027,0,Club De Los Lagartos - Suba,bogota-dc,https://articulo.tucarro.com.co/MCO-4147146428-ev-2-100-electrica-modelo-2027-entrega-inmediata-bono-esp-_JM
Kia Ev2 2027 Nuevo Elctrico Ev2 Air Modelo 2027,89990000,2027,0,Madelena - Ciudad Bolívar,bogota-dc,https://articulo.tucarro.com.co/MCO-4417701344-nuevo-kia-ev2-air-electrico-modelo-2027-_JM
Kia Ev2 2027 Nuevo Kia Ev2 Electrico Modelo 2027,89990000,2027,0,Madelena - Ciudad Bolívar,bogota-dc,https://articulo.tucarro.com.co/MCO-2183242781-nuevo-kia-ev2-air-electrico-modelo-2027-_JM
"Kia Ev2 2027 0.0 (42,2 Kwh)",89980000,2027,0,El Toberín - Usaquén,bogota-dc,https://articulo.tucarro.com.co/MCO-2023238319-kia-ev2-100-electrico-_JM
"Kia Ev2 2027 0.0 (42,2 Kwh)",89890000,2027,0,El Toberín - Usaquén,bogota-dc,https://articulo.tucarro.com.co/MCO-2046185697-kia-ev2-electrica-100-garantia-de-7-anos-o-150-klm-_JM
"GAC Aion Ut 2027 0.0 (44,12 Kwh)",78990000,2027,0,El Toberín - Usaquén,bogota-dc,https://articulo.tucarro.com.co/MCO-2160035091-gac-aion-ut-00-4412-kwh-_JM
MG S5 2027 Comfort,84990000,2027,0,El Toberín - Usaquén,bogota-dc,https://articulo.tucarro.com.co/MCO-1807991111-mg-s5-com-electrica-_JM
MG S5 Ev 2027 0.0 Comfort (49 Kwh),84990000,2027,0,Teusaquillo - Teusaquillo,bogota-dc,https://articulo.tucarro.com.co/MCO-4280854282-mg-s5-ev-00-comfort-49-kwh-_JM
MG S5 Ev 2027 0.0 Comfort (49 Kwh),84990000,2027,0,San Ignacio - Engativa,bogota-dc,https://articulo.tucarro.com.co/MCO-3542485846-mg-s5-ev-00-comfort-49-kwh-_JM
MG Mg4 Urban Ev 2027 0.0 Deluxe,79990000,2027,0,El Toberín - Usaquén,bogota-dc,https://articulo.tucarro.com.co/MCO-4157067682-mg-mg4-urban-ev-00-deluxe-_JM
Chevrolet Spark Iv 2027 Electrico,83490000,2027,0,Santa Matilde - Puente Aranda,bogota-dc,https://articulo.tucarro.com.co/MCO-4456409124-vehiculo-100-electrico-autonomia-hasta-de-360-kilometros-_JM
MG S5 Ev 2027 0.0 Deluxe (49 Kwh),99990000,2027,0,El Toberín - Usaquén,bogota-dc,https://articulo.tucarro.com.co/MCO-4027917640-mg-s5-ev-00-deluxe-49-kwh-_JM
MG S5 Ev 2027 0.0 Deluxe (49 Kwh),99990000,2027,0,San Ignacio - Engativa,bogota-dc,https://articulo.tucarro.com.co/MCO-1824757945-mg-s5-ev-00-deluxe-49-kwh-_JM
"BYD Yuan Plus Ev 2025 0.0 Gs (71,8kwh)",84000000,2025,46300,Chicó Norte - Chapinero,bogota-dc,https://articulo.tucarro.com.co/MCO-4449746512-byd-yuan-up-_JM
Kia Ev2 2027 Air,89890000,2027,0,Morato - Suba,bogota-dc,https://articulo.tucarro.com.co/MCO-2200638075-kia-ev2-air-2027-electrico-nuevo-0-km-_JM
BYD Yuan 2026 Up At Aa 4x2 2026,91000000,2026,19350,Los Cedros - Usaquén,bogota-dc,https://articulo.tucarro.com.co/MCO-4461677262-byd-yuan-up-at-aa-4x2-2026-_JM
JAC E 30x 2027 100% Electrico,74990000,2027,0,Santa Margarita - Suba,bogota-dc,https://articulo.tucarro.com.co/MCO-2232106155-jac-e30x-2027-400k-de-autonomia-_JM
MINI Cooper 2024 0.0 Se Iconic,97900000,2024,21030,Torca - Usaquén,bogota-dc,https://articulo.tucarro.com.co/MCO-2234803605-mini-cooper-00-se-iconic-_JM
MG S5 Ev 2027 0.0 Deluxe (49 Kwh),99990000,2027,0,El Toberín - Usaquén,bogota-dc,https://articulo.tucarro.com.co/MCO-3545411940-mg-s5-ev-00-deluxe-49-kwh-_JM
MG S5 Ev 2027 0.0 Deluxe (49 Kwh),99990000,2027,0,Teusaquillo - Teusaquillo,bogota-dc,https://articulo.tucarro.com.co/MCO-4321085858-mg-s5-ev-00-deluxe-49-kwh-_JM
"Chevrolet Spark Ev 2026 0.0 (41,9kwh)",92990000,2026,0,La Calleja - Usaquén,bogota-dc,https://articulo.tucarro.com.co/MCO-1809395175-chevrolet-spark-euv-00-419kwh-_JM
"Chevrolet Spark Ev 2026 0.0 (41,9kwh)",81200000,2026,0,Morato - Suba,bogota-dc,https://articulo.tucarro.com.co/MCO-2146866959-chevrolet-spark-ev-00-419kwh-_JM
JMC Gse 2025 Jmc Gse Luxury,92900000,2025,10693,La Calleja - Usaquén,bogota-dc,https://articulo.tucarro.com.co/MCO-2225794941-jmc-gse-luxury-pms559-_JM
Mazda Mx-30 2024 0.0 Grand Touring,92900000,2024,20000,Mazurén - Suba,bogota-dc,https://articulo.tucarro.com.co/MCO-2182077677-mazda-mx-30-00-grand-touring-electrico-4x2-_JM
Dongfeng Box 2026 E3,79990000,2026,0,Usaquén - Usaquén,bogota-dc,https://articulo.tucarro.com.co/MCO-3500336168-dongfeng-box-e3-100-electrico-_JM
jmev Gse 2024 Electrico,99990000,2024,3000,Ilarco - Suba,bogota-dc,https://articulo.tucarro.com.co/MCO-1918593743-jmev-gse-electrico-_JM
JAC E40x 2027 Electrico,81990000,2027,0,Santa Margarita - Suba,bogota-dc,https://articulo.tucarro.com.co/MCO-4427322020-jac-e40x-2027-electrico-_JM
Kia Ev2 2027 Electrica,89000000,2027,0,San Patricio - Usaquén,bogota-dc,https://articulo.tucarro.com.co/MCO-4358806776-ev2-suv-100-electrico-_JM
Kia Ev2 2027 Ev2,89980000,2027,0,Cedro Golf - Usaquén,bogota-dc,https://articulo.tucarro.com.co/MCO-4379276966-kia-ev2-_JM
Kia Ev2 2027 Air,89990000,2027,0,Cedro Golf - Usaquén,bogota-dc,https://articulo.tucarro.com.co/MCO-2160038375-kia-ev2-air-_JM
BYD Yuan Up 2025 0.0 Ev Fwd,90900000,2025,17200,Bosque Calderón - Chapinero,bogota-dc,https://articulo.tucarro.com.co/MCO-4456412318-byd-yuan-up-00-ev-fwd-_JM
BYD Dolphin 2024 0.0 400 Gs,72900000,2024,41000,Niza - Suba,bogota-dc,https://articulo.tucarro.com.co/MCO-2181845333-byd-dolphin-00-400-gs-_JM
jmev Gse 2026 Luxury Electrico,94990000,2026,0,Niza - Suba,bogota-dc,https://articulo.tucarro.com.co/MCO-3701727392-jmev-gse-luxury-500-km-2026-_JM
BYD Yuan Up 2026 Ev At 130kw 6ab,89900000,2026,17682,San Antonio Norte - Usaquén,bogota-dc,https://articulo.tucarro.com.co/MCO-2187981583-byd-yuan-up-ev-at-130kw-6ab-_JM
Peugeot E-2008 2025 0.0 Gt,96500000,2025,15600,Chapinero Central - Chapinero,bogota-dc,https://articulo.tucarro.com.co/MCO-2141556919-peugeot-e-2008-00-gt-_JM
"Dongfeng Friday 2027 E2 (44,9 Kwh)",99990000,2027,0,San José De Bavaria - Suba,bogota-dc,https://articulo.tucarro.com.co/MCO-4423348142-fourthing-friday-suv-electrica-100-automatica-o-km-_JM
BYD Yuan Up 2025 0.0 Ev Fwd,89900000,2025,11374,Santa Barbara Oriental - Usaquén,bogota-dc,https://articulo.tucarro.com.co/MCO-4481661002-byd-yuan-up-00-ev-fwd-_JM
BYD Yuan Up 2025 0.0 Ev Fwd,100000000,2025,6231,Chicó Norte - Chapinero,bogota-dc,https://articulo.tucarro.com.co/MCO-4449825908-byd-yuan-up-00-ev-fwd-_JM
MINI Cooper Se 2024 0.0 Iconic At,96900000,2024,28600,Torca - Usaquén,bogota-dc,https://articulo.tucarro.com.co/MCO-4446233086-mini-cooper-se-00-iconic-at-_JM
BYD Yuan Up 2025 Ev At 130kw,84900000,2025,40879,San Antonio Norte - Usaquén,bogota-dc,https://articulo.tucarro.com.co/MCO-2190971017-byd-yuan-up-ev-at-130kw-_JM
BYD Yuan Up 2026 Ev At 130kw,90900000,2026,19993,San José De Bavaria - Suba,bogota-dc,https://articulo.tucarro.com.co/MCO-4455697426-byd-yuan-up-ev-at-130kw-_JM
BYD Yuan 2025 Yuan Up Gs 401 Bev 53 Aut 5p,86900000,2025,13788,La Calleja - Usaquén,bogota-dc,https://articulo.tucarro.com.co/MCO-2236143365-yuan-up-gs-401-bev-53-aut-5p-piq608-_JM
Mazda Mx-30 2024 0.0 Grand Touring,93900000,2024,808,La Castellana - Barrios Unidos,bogota-dc,https://articulo.tucarro.com.co/MCO-4455689660-mazda-mx-30-00-grand-touring-_JM
Mazda Mx-30 2024 0.0 Grand Touring,91900000,2024,20965,Morato - Suba,bogota-dc,https://articulo.tucarro.com.co/MCO-4455689044-mazda-mx-30-00-grand-touring-_JM
Mazda Mx-30 2024 Grand Touring Eléctrica,89000000,2024,34000,Country Club - Usaquén,bogota-dc,https://articulo.tucarro.com.co/MCO-2154176309-mazda-mx-30-grand-touring-electrica-2024-_JM
BYD Yuan Up 2025 0.0 Ev Fwd,89000000,2025,14600,Santa Teresa - Usaquén,bogota-dc,https://articulo.tucarro.com.co/MCO-2236216803-byd-yuan-up-00-ev-fwd-_JM
Great Wall 2026 Ora 03 Gt,97900000,2026,3689,Salazar Gómez - Puente Aranda,bogota-dc,https://articulo.tucarro.com.co/MCO-4453154122-great-wall-ora-03-gt-at-126kw-7ab-2026-_JM
BYD Dolphin Ev 2024 0.0 400 Gs,73000000,2024,14490,Lagos De Córdoba - Suba,bogota-dc,https://articulo.tucarro.com.co/MCO-2154573227-byd-dolphin-ev-00-400-gs-_JM
BYD Yuan Up 2026 Ev At 130kw,89900000,2026,8421,San José De Bavaria - Suba,bogota-dc,https://articulo.tucarro.com.co/MCO-4434212098-byd-yuan-up-ev-at-130kw-_JM
BYD Yuan Up 2026 0.0 Ev Fwd,94000000,2026,18000,Guaymaral - Suba,bogota-dc,https://articulo.tucarro.com.co/MCO-2218430719-byd-yuan-up-00-ev-fwd-_JM
"Bestune Nat Electrica 2025 0.0 Premium (48,35kwh)",89900000,2025,18000,Niza Norte  - Suba,bogota-dc,https://articulo.tucarro.com.co/MCO-4434353890-bestune-nat-electrica-00-premium-4835kwh-_JM
BYD Yuan Up 2025 0.0 Ev Fwd,88000000,2025,26603,Country Club - Usaquén,bogota-dc,https://articulo.tucarro.com.co/MCO-4478341906-byd-yuan-up-00-ev-fwd-_JM
BYD Dolphin Ev 2027 New,89990000,2027,1,Santa Barbara Oriental - Usaquén,bogota-dc,https://articulo.tucarro.com.co/MCO-2170776405-byd-dolphin-ev-2027-_JM
Dongfeng Rich 6 2024 Ev6,99900000,2024,28000,Modelia - Fontibón,bogota-dc,https://articulo.tucarro.com.co/MCO-4452872418-dongfeng-rich-6-ev-_JM
MINI Cooper Se 2024 0.0 Iconic At,99900000,2024,26600,Chicó Norte - Chapinero,bogota-dc,https://articulo.tucarro.com.co/MCO-4085945152-mini-cooper-se-00-iconic-at-_JM
MINI Cooper Se 2024 0.0 Iconic At,96900000,2024,23456,Torca - Usaquén,bogota-dc,https://articulo.tucarro.com.co/MCO-2047990907-mini-cooper-se-00-iconic-at-_JM
MINI Cooper Se 2024 0.0 Iconic At,95900000,2024,40000,Bella Suiza - Usaquén,bogota-dc,https://articulo.tucarro.com.co/MCO-2162896441-mini-cooper-se-00-iconic-at-_JM
Mazda Mx-30 2024 0.0 Grand Touring,74900000,2024,28000,Lisboa - Usaquén,bogota-dc,https://articulo.tucarro.com.co/MCO-4410780348-mazda-mx-30-00-grand-touring-_JM
MG Mg4 Cross 2027 0.0 Cross+ (49kwh),88900000,2027,1000,Santa Bárbara - Usaquén,bogota-dc,https://articulo.tucarro.com.co/MCO-2154253089-mg-mg4-cross-00-cross-49kwh-_JM
Mini Cooper S 2024 Se,99990000,2024,21000,Puente Largo - Suba,bogota-dc,https://articulo.tucarro.com.co/MCO-2075848419-cooper-se-iconic-_JM
BYD Yuan Up 2025 0.0 Ev Fwd,94000000,2025,13000,Cantalejo Sec. Alejandría - Suba,bogota-dc,https://articulo.tucarro.com.co/MCO-4423057174-byd-yuan-up-00-ev-fwd-_JM
"BYD Yuan Plus Ev 2025 0.0 Lux (60,48 Kwh)",97000000,2025,17000,La Cabrera - Chapinero,bogota-dc,https://articulo.tucarro.com.co/MCO-2234839603-byd-yuan-plus-ev-00-lux-6048-kwh-_JM
MINI Cooper Se 2024 0.0 Iconic At,99900000,2024,34650,San Patricio - Usaquén,bogota-dc,https://articulo.tucarro.com.co/MCO-4373279662-mini-cooper-se-00-iconic-at-_JM
MINI Cooper Se 2024 0.0 Iconic At,99990000,2024,21000,Puente Largo - Suba,bogota-dc,https://articulo.tucarro.com.co/MCO-2075847229-mini-cooper-se-00-iconic-at-_JM
BYD Yuan Up 2026 0.0 Ev Fwd,97000000,2026,7945,Villas De Granada - Engativa,bogota-dc,https://articulo.tucarro.com.co/MCO-2183246959-byd-yuan-up-00-ev-fwd-_JM
BYD Yuan Up 2025 0.0 Ev Fwd,92000000,2025,12352,Ciudad Salitre Nor-Oriental - Teusaquillo,bogota-dc,https://articulo.tucarro.com.co/MCO-2185343451-byd-yuan-up-00-ev-fwd-_JM
JAC Js4 2024 E40x,77900000,2024,27000,Villa Claudia - Kennedy,bogota-dc,https://articulo.tucarro.com.co/MCO-1971493303-jac-e40x-100-electrico-_JM
MG Zs Ev 2024 0.0 Deluxe,84900000,2024,13250,San Antonio Norte - Usaquén,bogota-dc,https://articulo.tucarro.com.co/MCO-4425623680-mg-zs-ev-00-deluxe-_JM
MG 4 2024 Exclusive,70000000,2024,22000,Ciudad Jardín Norte - Suba,bogota-dc,https://articulo.tucarro.com.co/MCO-4440869132-mg4-electrico-_JM
BYD Yuan Up 2026 Ev At 130 Kw,90000000,2026,27500,Santa María Del Lago - Engativa,bogota-dc,https://articulo.tucarro.com.co/MCO-2147507523-byd-yuan-up-ev-_JM
BYD Yuan Up 2026 Ev Lux At 130kw Ct Tc Fe,96800000,2026,7000,Mazurén - Suba,bogota-dc,https://articulo.tucarro.com.co/MCO-2181981013-byd-yuan-up-ev-lux-at-130kw-ct-tc-fe-_JM
GAC Aion Es 2025 0.0,77000000,2025,16000,Ciudad Kennedy - Kennedy,bogota-dc,https://articulo.tucarro.com.co/MCO-2202748401-gac-aion-es-00-_JM
BYD Dolphin Ev 2025 0.0 400 Gs,79990000,2025,24169,Metrópolis - Barrios Unidos,bogota-dc,https://articulo.tucarro.com.co/MCO-2109054281-byd-dolphin-ev-00-400-gs-_JM
MG 4 Cross 2026 Deluxe At 320kw 5p 6ab 4x4,99990000,2026,8990,Morato - Suba,bogota-dc,https://articulo.tucarro.com.co/MCO-1991570831-mg-4-cross-deluxe-at-320kw-5p-6ab-4x4-_JM
BYD Seagull Ev 2026 0.0 Gs 400,78000000,2026,9000,Cantalejo - Suba,bogota-dc,https://articulo.tucarro.com.co/MCO-4225831078-byd-seagull-ev-00-gs-400-_JM
MINI Cooper 2024 0.0 Se Iconic,99990000,2024,21000,Puente Largo - Suba,bogota-dc,https://articulo.tucarro.com.co/MCO-4248830134-mini-cooper-00-se-iconic-_JM
BYD Yuan 2025 0.0 Ev Gs,87900000,2025,17700,Cedritos - Usaquén,bogota-dc,https://articulo.tucarro.com.co/MCO-4471522234-byd-yuan-00-ev-gs-_JM
BYD Yuan Up 2025 0.0 Ev Fwd,91500000,2025,14300,Castilla - Kennedy,bogota-dc,https://articulo.tucarro.com.co/MCO-2166878695-byd-yuan-up-00-ev-fwd-_JM
BYD Dolphin 2024 0.0 400 Gs,74500000,2024,29000,Niza - Suba,bogota-dc,https://articulo.tucarro.com.co/MCO-2215631735-byd-dolphin-00-400-gs-_JM
Renault Kangoo E-tech 2026 0.0 Electrica,70000000,2026,18500,La Calleja - Usaquén,bogota-dc,https://articulo.tucarro.com.co/MCO-4455759394-renault-kangoo-e-tech-00-electrica-_JM
JAC E 30x 2026 Hfc7002ewev,72900000,2026,3500,Alhambra - Suba,bogota-dc,https://articulo.tucarro.com.co/MCO-4452832100-jac-e30x-hfc7002ewev-2026-_JM
MG Mg4 Cross 2027 0.0 Cross+ (49kwh),84000000,2027,8000,El Redil - Usaquén,bogota-dc,https://articulo.tucarro.com.co/MCO-4459732158-mg-mg4-cross-00-cross-49kwh-_JM
Chevrolet Spark 2026 Ev Electrico,70900000,2026,10000,Bosque De Modelia - Fontibón,bogota-dc,https://articulo.tucarro.com.co/MCO-2209899215-chevrolet-spark-ev-electrico-_JM
"Bestune Nat Electrica 2025 0.0 Premium (48,35kwh)",87000000,2025,23401,Salitre Nor - Occidental - Fontibón,bogota-dc,https://articulo.tucarro.com.co/MCO-4407888500-camioneta-electrica-bestune-nat-servicio-publico-con-trabajo-_JM
BYD Yuan Up 2025 0.0 Ev Fwd,89500000,2025,16000,Santa Teresa - Usaquén,bogota-dc,https://articulo.tucarro.com.co/MCO-4423653106-byd-yuan-up-00-ev-fwd-_JM
Bestune Nat05 2025 Minivan Electrico,95000000,2025,8000,Granada Norte - Suba,bogota-dc,https://articulo.tucarro.com.co/MCO-2209872205-nat-05-minivan-100-electrica-servicio-especial-_JM
BYD Yuan Plus 2024 0.0 Ev Fwd,96000000,2024,25000,Alameda 170 - Usaquén,bogota-dc,https://articulo.tucarro.com.co/MCO-4449833554-byd-yuan-plus-00-ev-fwd-_JM
BYD 2025 2025 Ed,88000000,2025,12000,La Esperanza - Engativa,bogota-dc,https://articulo.tucarro.com.co/MCO-4418622916-camioneta-marca-byd-electrica-con-12000-km-uninueva-colo-_JM
"GAC Aion Ut 2026 0.0 (44,12kwh) 400km",73000000,2026,8000,Capellanía - Fontibón,bogota-dc,https://articulo.tucarro.com.co/MCO-4420661032-gac-aion-ut-00-4412kwh-400km-_JM
BYD Seagull Ev 2026 0.0 Electrico,70000000,2026,18000,San Patricio - Usaquén,bogota-dc,https://articulo.tucarro.com.co/MCO-2099591211-byd-seagull-00-electrico-_JM
Chevrolet Spark 2026 Spark Euv,76900000,2026,993,Montevideo - Fontibón,bogota-dc,https://articulo.tucarro.com.co/MCO-2200230543-spark-euv-_JM
BYD Seagull Ev 2026 0.0 Gs 400,74900000,2026,4643,La Colina Campestre - Suba,bogota-dc,https://articulo.tucarro.com.co/MCO-4464823732-byd-seagull-ev-00-gs-400-_JM
BYD Seagull 2025 0.0 Gs 400,70000000,2025,13500,Cedritos - Usaquén,bogota-dc,https://articulo.tucarro.com.co/MCO-2222632903-byd-seagull-00-gs-400-_JM
BYD Yuan Up 2025 0.0 Ev Fwd,89990000,2025,14000,Metrópolis - Barrios Unidos,bogota-dc,https://articulo.tucarro.com.co/MCO-2147483821-byd-yuan-up-00-ev-fwd-_JM
MG 4 Cross 2025 0.0 Deluxe (64 Kwh),96000000,2025,18200,La Isabella - Engativa,bogota-dc,https://articulo.tucarro.com.co/MCO-4464770792-mg-4-cross-00-deluxe-64-kwh-_JM
BYD Seagull Ev 2026 0.0 Gs 400,70000000,2026,3000,La Uribe - Usaquén,bogota-dc,https://articulo.tucarro.com.co/MCO-4325193296-byd-seagull-ev-00-gs-400-_JM
MINI Cooper Se 2024 0.0 Iconic At,97500000,2024,19200,Chicó Norte - Chapinero,bogota-dc,https://articulo.tucarro.com.co/MCO-2138265561-mini-cooper-se-00-iconic-at-_JM
JAC E 30x 2027 0.0 (41kwh),74980000,2027,1,Guaymaral - Suba,bogota-dc,https://articulo.tucarro.com.co/MCO-4483737094-jac-e-30-x-100-electrico-_JM
Mazda Mx-30 2024 0.0 Grand Touring,91000000,2024,34000,Centro De Negocios / Arquitectura Y Concreto - Chía,cundinamarca,https://articulo.tucarro.com.co/MCO-4332154174-mazda-mx-30-00-grand-touring-_JM
Nissan Leaf 2024 Tekna,72900000,2024,28005,Bogota,cundinamarca,https://articulo.tucarro.com.co/MCO-4434342140-nissan-leaf-49792-_JM
BYD Yuan Up 2025 0.0 Ev Fwd,93757000,2025,9950,Centro De Negocios / Arquitectura Y Concreto - Chía,cundinamarca,https://articulo.tucarro.com.co/MCO-4404341602-byd-yuan-up-00-ev-fwd-_JM
BYD Yuan Up 2025 0.0 Ev Fwd,89990000,2025,30000,Cota,cundinamarca,https://articulo.tucarro.com.co/MCO-2109323991-byd-yuan-up-00-ev-fwd-_JM
BYD Yuan Up 2025 0.0 Ev Fwd,83499000,2025,40100,Centro De Negocios / Arquitectura Y Concreto - Chía,cundinamarca,https://articulo.tucarro.com.co/MCO-2103283949-byd-yuan-up-00-ev-fwd-_JM
BYD Yuan 2025 Up,91000000,2025,32000,Los Robles Bosque Residencial,cundinamarca,https://articulo.tucarro.com.co/MCO-2185356879-byd-yuan-up-_JM
BYD Yuan Plus Ev 2024 Gl,98000000,2024,40000,Centro De Negocios / Arquitectura Y Concreto - Chía,cundinamarca,https://articulo.tucarro.com.co/MCO-4410949758-yuan-plata-gris-gl-hermosa-_JM
Renault Kwid E-tech 2026 Segunda Fase,70000000,2026,18000,Centro De Negocios / Arquitectura Y Concreto - Chía,cundinamarca,https://articulo.tucarro.com.co/MCO-4455757998-100-electrico-en-excelentes-condiciones-10-de-10-_JM
BYD Yuan 2026 0.0 Ev Gs,97950000,2026,7222,Centro De Negocios / Arquitectura Y Concreto - Chía,cundinamarca,https://articulo.tucarro.com.co/MCO-4397778480-byd-yuan-up-lux-_JM
Kia Ev3 2025 0.0 Light,97000000,2025,25600,Centro De Negocios / Arquitectura Y Concreto - Chía,cundinamarca,https://articulo.tucarro.com.co/MCO-4479919312-kia-ev3-00-light-_JM
