model,trim,model_year,new_price_cop,source
BYD Yuan Plus,Lux 60.48 kWh,2025,159990000,https://carro.mercadolibre.com.co/MCO-1535430435-yuan-plus-lux-2025-_JM
BYD Yuan Plus,Lux 60.48 kWh (BYD Fest promo),2025,139990000,https://www.elcarrocolombiano.com/novedades/byd-yuan-plus-con-mejor-precio-y-algunas-mejoras-en-el-byd-fest-que-trae-de-nuevo/
BYD Yuan Plus,Lux,2026,154990000,https://carro.mercadolibre.com.co/MCO-1535430435-byd-yuan-plus-lux-2026-_JM
MG ZS EV,Deluxe,2024,130000000,https://www.autocosmos.com.co/catalogo/2024/mg/zs-ev/deluxe/169768
Peugeot e-2008,GT,2025,172990000,https://www.elcarrocolombiano.com/novedades/peugeot-e-2008-colombia-precio-datos-suv-electrico-de-clase-europea/
Peugeot e-2008,GT,2026,135990000,shortlist_verified.md
BYD Yuan Up,Lux,2026,114990000,https://www.elcarrocolombiano.com/novedades/byd-yuan-up-lux-nueva-version-mas-completa-del-electrico-mas-vendido-precio-y-datos/
BYD Yuan Up,GS,2026,99990000,https://www.elcarrocolombiano.com/novedades/byd-yuan-up-lux-nueva-version-mas-completa-del-electrico-mas-vendido-precio-y-datos/
Hyundai Kona Eléctrica,Limited,2024,159990000,https://www.autocosmos.com.co/catalogo/2024/hyundai/kona-ev/limited/168928
Chery E5,Luxury,2026,89990000,https://www.elcarrocolombiano.com/novedades/chery-e5-luxury-inicio-entregas-colombia-precio/
