first_seen,last_seen,source,model,trim,year,km,price_cop,city,cam360,url
2026-09-26,2026-09-26,tucarro(snippet),Kia EV3,unknown,2025-2027,,124990000,Bogotá,trim-dependent,https://articulo.tucarro.com.co/MCO-2842974884-nuevo-kia-ev3-_JM
2026-09-26,2026-09-26,tucarro(snippet),MG ZS EV,unknown,unknown,,124990000,Bogotá,unknown,https://articulo.tucarro.com.co/MCO-2426625942-mg-zs-ev-100-electrico-_JM
2026-09-26,2026-09-26,tucarro(snippet),Kia EV5,Light,2025,,,Bogotá,likely,https://articulo.tucarro.com.co/MCO-2806665200-kia-ev5-light-electrico-2025-_JM
2026-09-26,2026-09-26,tucarro(snippet),BYD Song Plus EV,unknown,2026,2700,162900000,Bogotá,likely,https://articulo.tucarro.com.co/MCO-4039644722-byd-song-plus-ev-_JM
2026-09-26,2026-09-26,tucarro(snippet),BYD Song Plus,unknown,unknown,,154900000,Bogotá,unknown,https://articulo.tucarro.com.co/MCO-1535776493-byd-song-plus-_JM
2026-09-26,2026-09-26,tucarro(snippet),Volvo EX30,unknown,2024,18500,138000000,Usaquén Bogotá,yes(std),
2026-09-26,2026-09-26,tucarro(snippet),Hyundai Kona Eléctrica,unknown,2024,2600,129900000,Suba Bogotá,unknown,
2026-09-26,2026-09-26,tucarro(snippet),Volvo EX30,unknown,2025,7760,172000000,Bogotá,yes(std),
2026-09-26,2026-09-26,tucarro(snippet),Volvo EX30,unknown,2025,11165,179800000,Chapinero Bogotá,yes(std),
2026-09-26,2026-09-26,casatoro(snippet),BYD Song Plus EV,Premium,2024,25109,125900000,Suba Bogotá,yes(spec),
2026-09-26,2026-09-26,casatoro(snippet),BYD Yuan Plus,unknown,2024,4270,152900000,Suba Bogotá,likely,
2026-09-26,2026-09-26,autogermana(snippet),BMW iX1,eDrive20,2026,5000,205900000,Usaquén Bogotá,unconfirmed,https://www.autogermana.com.co/
2026-09-26,2026-09-26,fb-marketplace(snippet),Kia EV5,Wind,2025,0,,Medellín,likely,https://www.facebook.com/marketplace/item/2102121583578021/
